﻿<?xml version="1.0" encoding="utf-8" ?>
<!-- This section contains the log4net configuration settings -->
<log4net>
  <appender name="Console" type="log4net.Appender.ConsoleAppender">
    <layout type="log4net.Layout.PatternLayout">
      <!-- Pattern to output the caller's file name and line number -->
      <conversionPattern value="%d [%t] %-5p %c - %m%n" />
    </layout>
  </appender>

  <appender name="RollingFile" type="log4net.Appender.RollingFileAppender">
    <file value="CvTask.log" />
    <appendToFile value="true" />
    <datePattern value="-yyyy-MM-dd" />
    <rollingStyle value="Date" />
    <layout type="log4net.Layout.PatternLayout">
      <conversionPattern value="%d [%t] %-5p %c - %m%n" />
    </layout>
  </appender>

  <root>
    <level value="DEBUG" />
    <appender-ref ref="Console" />
    <appender-ref ref="RollingFile" />
  </root>
</log4net>